content,content_feature
send my car id card,id_auto
send my car insurance identity card,id_auto
send my auto id card,id_auto
send my auto identity card,id_auto
send my auto insurance card,id_auto
send auto insurance card,id_auto
mail my auto insurance identity card,id_auto
mail my auto insurance card,id_auto
mail my car insurance id card,id_auto
mail my car id car,id_auto
car id car,id_auto
car insurance card,id_auto
car insurance id card,id_auto
send my home id card,id_home
send my home identity card,id_home
send my home insurance card,id_home
send my insurance card,id
send insurance card,id
send identity card,id
send my id card,id
send my identity card,id